108.228.93.53,69e0909a-1e5e-4b33-9f2b-7a228d27a56d
108.56.188.8,6731684e-c3e1-4c5f-a7cb-dce167ed1e52
108.71.222.87,059350f0-6158-46f0-8b7b-896ebb0faa94
116.72.0.200,8e99c5ec-da89-41dc-9567-e8b947c3ac6e
12.110.122.75,089ba39b-e7e1-4a3e-b02c-1065ad86729d
128.186.150.46,35e82c86-8177-431c-a0e8-f1b2b34081f0
128.227.117.23,608cd489-98d0-4e1a-a0d9-58dae88a9af6
128.4.12.75,a68d29d8-1450-4987-88a9-5e752a238d1a
128.62.33.160,c87dee1c-bee1-4ff3-bf84-a1025a348667
128.84.126.52,8ab3305f-b1e9-4a77-87da-7b424b1dd5e1
131.180.20.204,0506e8df-f0ea-48e3-95a0-0c33ba6ecb0c
131.180.21.140,8ed5fa99-9a92-40ba-8380-87b097c49010
134.192.135.254,5c601b00-447b-4dd1-946e-15bb95d2c062
145.94.215.79,8b1a9bca-a29a-4ffc-ba82-599d96eaf053
146.163.156.33,e5e2ec09-c6a6-481c-a443-8f6e427efcfb
160.40.204.84,c51e40aa-8854-475d-8db2-f5b193636fe5
165.134.209.196,08f305b0-e9c0-4c99-9dca-afce5975b925
173.16.128.31,555fd8e2-0524-4acf-9392-7a59139f6e68
173.87.182.22,f87c1695-7fa6-4e75-b4da-d01cb13b96d9
174.22.116.67,5be96b56-6de6-4e44-966b-42ef2753a8bf
174.48.10.56,6e6a8d3d-1131-44a3-9511-26e88cf35027
174.57.149.8,176cba35-4550-4d16-bb32-b7e388e95c7d
174.61.23.27,698d03b2-e9c3-4dc9-874d-16307b6a006b
178.223.47.131,e4e6363e-4005-492e-b19c-c774958a5b7b
184.183.5.126,bc3b6920-328c-491d-bc77-6d02491cd374
192.16.196.181,d089ce96-4aee-4580-a8d6-fbe24b8c4711
192.16.196.224,cf731636-9d14-49cc-9eb3-8d6616e80667
192.16.197.194,440a3707-fe27-4458-b557-458d3585af79
2001:468:c80:6152:1117:c64d:38de:36b5,e99fdcd4-03b6-4bf5-9741-4d4a5b0d85fa
2001:5b0:2428:3ca8:dc84:4590:fa9:3e96,4d3ee76e-abfa-4469-b5ae-34d83ac7eff9
2001:980:5f6a:1:8ff:fc49:cbb1:4f0d,4ea9e555-07cb-4f06-ae94-621f5e35d2f0
203.122.4.98,0598c632-dc26-4188-a1e9-bb3f5e7ebcaf
204.108.237.194,e49f4538-786a-4b71-9a73-5a629f37054f
204.186.88.114,70cf967b-cec6-40b2-b8ac-9f0b91903a54
207.119.185.174,4aed7af7-6221-41c4-9c3d-b93ae6236614
209.190.171.66,486e485a-7dd6-43e2-9d71-a2e782c2871d
209.65.63.23,74ee1ba8-2b39-4a6f-8172-141a3ff394b8
213.216.250.160,80ae1ec8-c179-41fe-89c7-60039bac2cf7
216.165.126.125,9a32a02e-7cd9-4ba8-85ca-d41e9e8ef7a1
24.0.194.181,a0c81d57-ee50-401e-8a45-5b1d83a637d3
24.11.48.141,c1c3932a-921d-4e8d-b6b5-fedc7fc194c4
24.158.118.35,3dd1abc5-4c86-4bc9-800a-605a3f75f86d
24.241.14.124,d9d6c775-2c22-4feb-9a1a-89d912a9c58e
24.251.155.5,99f22111-c43e-41da-95cf-d7fb593c1ae4
24.254.210.190,55617c91-c86e-4fed-82e2-a359199c9cbb
24.34.203.231,6b610933-6fa7-4ef1-878f-191ecf9b371b
24.34.41.251,837d772e-75f2-49d3-bcee-015aa32bb379
24.7.185.151,1ce0bb49-3d55-4b74-97b5-a2c7355fcacd
24.91.233.50,7d99b77c-1141-42ed-ad53-8602081b29a2
2601:c:800:861:348e:8238:ba49:be0f,665c09b2-626d-479e-b5ff-c8fb701b617e
2601:d:1c80:439:2d1e:4ce7:fe87:730,9b247035-a9b1-40c9-bdbb-9405c430d6b2
2602:304:796a:56e0:3550:68c1:fd6e:4327,36a9a6a3-d0e6-4fda-ab51-7b18c06f75f7
2602:306:bc97:f960:e6ce:8fff:fe2e:d6c2,7167e165-a36a-47de-917e-7e8f48f58bfb
5.29.154.135,719407cd-abbe-4ec1-8bb4-53911c7b5c51
50.161.101.156,71d99bf6-0199-427e-bd8c-81fd81b35f16
50.170.8.226,0d59fce0-29ff-4579-9873-176bf6bfc8ca
50.96.196.141,53ac327d-14ee-414f-8659-64ee286a25b5
65.32.248.93,f6f24ad0-7944-4759-8e42-4c06de56b0fe
66.170.211.148,5e376f37-667b-403a-b840-437c036decde
66.188.60.133,aef4f688-c8a7-41ee-a08b-c86f54ef4854
66.212.64.252,796f7e3d-0f61-4022-8bfb-83ccc21f93d4
67.189.148.224,4cc8f241-ccd5-4916-9898-085e6620d397
67.221.98.2,7f04e311-bcc2-4cc5-b57f-1b0ab9a9f054
68.198.187.222,8dcf46a5-6072-46df-890d-67f5563f9b97
68.43.112.3,2f9eeca9-e762-4cf9-830a-aa42da298ac7
68.98.26.167,34cc39cd-b04d-4d48-bb3d-f51e3046a6d9
69.138.174.213,6d6c0f32-28fd-4926-92e1-ab0f17167109
69.245.121.44,d5c6305a-e93b-4e62-8abe-20db91bae923
69.248.76.29,c646bef1-2de0-4b36-a984-b4e8dc40d409
70.62.57.173,1d606a29-9d0a-4b42-a3fa-2899fd5f5fef
71.169.113.22,8708a39f-fb03-420b-a3f2-c549b815c4d4
71.205.164.70,1bffa3d4-3ee3-48ed-9c0a-228f87a3daac
71.232.8.86,e6c4561f-56c1-4afd-b4a0-2c005ee92f92
71.79.30.199,02d15d36-325e-4b1f-8f36-d5e619d7d5fa
72.215.237.75,141e8e43-4220-4530-b6e4-c0a20b9ffdba
72.52.96.15,698ae105-c046-4583-b866-dd572201c021
74.141.239.219,92481fd9-ade2-4b3f-ad18-24db7d7f660d
74.194.178.230,d3276bb2-3dbb-4461-8f4a-b6aca4890872
74.235.4.235,83242fb4-1ee2-410a-b4a3-0fd1cd26b78b
75.110.58.21,c2eff0db-4223-44ef-8b14-4fb3848e6383
75.74.239.229,453b1624-4861-41c1-8274-32581d7940f0
76.112.37.9,85e6020b-da07-42fd-af1a-e85119888229
76.119.51.10,27372b49-7f7c-4d75-918a-6cc9d969df57
76.220.59.41,b382f3ac-e4d0-486c-88ba-e4d0989b7ab1
77.251.249.46,66ba9069-da10-4805-a363-7f954dfaa23e
84.228.65.192,21c61e9a-6b01-42c1-801f-a3c77af67d4c
86.141.254.238,f354ae1b-313a-4784-aed7-a59d04ed637b
96.253.84.173,c453b122-daae-422d-b6f3-eba8e4460f70
98.140.150.165,bfdcd554-862c-438b-a3b2-e2565bf92ba5
98.183.139.195,753c5d28-85ec-4869-b4dc-846393aa24f2
98.194.123.136,f48ea0bf-efb6-4a9a-b67e-19200b3cd1b3
98.194.166.251,fedb7531-ffcb-42cc-b827-632a3432bf1a
98.209.46.246,3fa85215-425f-44db-9b99-e7ad62488dff
98.218.42.177,5c3a5b16-5a89-40ec-bb6b-788c2c6768c9
98.242.165.185,4a21623d-4d6b-4eb8-94fb-f7cf4a577ff9
99.27.60.245,1f2e9c3a-7898-489f-992f-fb4275a0db0b
